[
  {
    "jid": "254712081135@s.whatsapp.net",
    "db": [
      {
        "nama": "#setwelcome",
        "count": 1
      },
      {
        "nama": "#setleft",
        "count": 1
      }
    ]
  },
  {
    "jid": "2347053192517@s.whatsapp.net",
    "db": [
      {
        "nama": "#left",
        "count": 1
      },
      {
        "nama": "#welcome",
        "count": 1
      }
    ]
  },
  {
    "jid": "2348106182921@s.whatsapp.net",
    "db": [
      {
        "nama": "#welcome",
        "count": 2
      }
    ]
  }
]